allele,n_units,frac_units
HLA-A*02:01,29,0.5577
HLA-C*07:02,24,0.4615
HLA-A*01:01,17,0.3269
HLA-A*24:02,16,0.3077
HLA-B*07:02,15,0.2885
HLA-C*03:04,14,0.2692
HLA-B*08:01,11,0.2115
HLA-A*03:01,11,0.2115
HLA-B*44:02,11,0.2115
HLA-B*40:01,10,0.1923
HLA-C*04:01,10,0.1923
HLA-B*35:01,9,0.1731
HLA-C*02:02,9,0.1731
HLA-C*06:02,9,0.1731
HLA-C*05:01,8,0.1538
HLA-A*11:01,7,0.1346
HLA-C*07:01,6,0.1154
HLA-B*51:01,6,0.1154
HLA-C*12:03,5,0.0962
HLA-A*26:01,5,0.0962
HLA-C*01:02,5,0.0962
HLA-A*68:01,5,0.0962
HLA-B*15:01,5,0.0962
HLA-B*18:01,4,0.0769
HLA-B*27:05,4,0.0769
HLA-B*13:02,4,0.0769
HLA-B*39:01,3,0.0577
HLA-B*37:01,3,0.0577
HLA-C*14:02,3,0.0577
HLA-C*16:01,3,0.0577
HLA-A*25:01,2,0.0385
HLA-B*38:01,2,0.0385
HLA-B*55:01,2,0.0385
HLA-B*27:02,2,0.0385
HLA-B*49:01,2,0.0385
HLA-A*32:01,2,0.0385
HLA-B*57:01,2,0.0385
HLA-A*30:01,1,0.0192
HLA-A*23:01,1,0.0192
HLA-C*07:04,1,0.0192
HLA-A*02:05,1,0.0192
HLA-B*50:01,1,0.0192
HLA-B*52:01,1,0.0192
HLA-C*12:02,1,0.0192
HLA-B*56:01,1,0.0192
HLA-A*29:02,1,0.0192
