unit_id,platform,n_alleles,primary_partition,cv_fold,allele_disjoint_partition,carries_top_allele
UPN01,LTQ,6,test,,test,yes
UPN02,LTQ,5,cv,3,test,yes
UPN03,LTQ,5,cv,4,train,no
UPN04,LTQ,6,cv,2,train,no
UPN05,LTQ,6,cv,3,test,yes
UPN06,LTQ,6,cv,1,train,no
UPN07,LTQ,6,cv,4,test,yes
UPN08,LTQ,6,test,,test,yes
UPN09,LTQ,6,cv,0,test,yes
UPN10,LTQ,4,cv,0,train,no
UPN11,LTQ,6,cv,4,train,no
UPN12,LTQ,4,cv,3,test,yes
UPN13,LTQ,6,cv,1,train,no
UPN14,LTQ,6,test,,test,yes
UPN15,LTQ,6,cv,0,train,no
UPN16,LTQ,5,cv,0,train,no
UPN17,LTQ,6,cv,2,test,yes
UPN18,LTQ,6,cv,2,train,no
UPN19,LTQ,6,cv,1,train,no
UPN20,LTQ,6,cv,1,train,no
UPN21,LTQ,5,cv,4,test,yes
UPN22,LTQ,6,test,,test,yes
UPN23,LTQ,4,cv,3,test,yes
UPN24,LTQ,6,test,,test,yes
UPN25,LTQ,6,cv,2,test,yes
UPN26,Lumos,6,cv,2,train,no
UPN27,Lumos,6,test,,test,yes
UPN28,Lumos,5,cv,0,test,yes
UPN29,Lumos,6,cv,4,train,no
UPN30,Lumos,5,cv,2,test,yes
UPN31,Lumos,6,test,,test,yes
UPN32,Lumos,5,cv,3,train,no
UPN33,Lumos,6,cv,3,test,yes
UPN34,Lumos,5,cv,1,test,yes
UPN35,Lumos,6,cv,2,train,no
UPN36,Lumos,6,cv,0,test,yes
UPN37,Lumos,6,cv,2,test,yes
UPN38,Lumos,6,test,,train,no
UPN39,Lumos,4,cv,1,train,no
UPN40,Lumos,6,cv,3,test,yes
UPN41,Lumos,6,cv,4,test,yes
UPN42,Lumos,6,cv,0,test,yes
UPN43,Lumos,6,cv,0,train,no
UPN44,Lumos,6,cv,1,train,no
UPN45,Lumos,5,cv,4,train,no
UPN46,Lumos,6,test,,test,yes
UPN47,Lumos,6,cv,3,test,yes
UPN48,Lumos,6,cv,1,test,yes
UPN49,Lumos,5,cv,4,test,yes
UPN50,Lumos,6,cv,1,train,no
UPN51,Lumos,6,test,,train,no
UPN52,Lumos,6,cv,0,train,no
