unit_id,n_runs,n_biological_replicates,n_technical_replicates,n_fractions,instruments,n_instruments,n_alleles,genotype_status,hla_genotype
UPN01,5,1,5,1,LTQ Orbitrap XL,1,6,COMPLETE,HLA-A*02:01;HLA-A*11:01;HLA-B*39:01;HLA-B*40:01;HLA-C*03:04;HLA-C*12:03
UPN02,5,1,5,1,LTQ Orbitrap XL,1,5,PARTIAL,HLA-A*02:01;HLA-B*35:01;HLA-B*39:01;HLA-C*04:01;HLA-C*12:03
UPN03,3,1,3,1,LTQ Orbitrap XL,1,5,PARTIAL,HLA-A*25:01;HLA-A*26:01;HLA-B*18:01;HLA-B*38:01;HLA-C*12:03
UPN04,3,1,3,1,LTQ Orbitrap XL,1,6,COMPLETE,HLA-A*01:01;HLA-A*24:02;HLA-B*08:01;HLA-B*27:05;HLA-C*02:02;HLA-C*07:02
UPN05,5,1,5,1,LTQ Orbitrap XL,1,6,COMPLETE,HLA-A*02:01;HLA-A*03:01;HLA-B*18:01;HLA-B*35:01;HLA-C*04:01;HLA-C*05:01
UPN06,5,1,5,1,LTQ Orbitrap XL,1,6,COMPLETE,HLA-A*03:01;HLA-A*30:01;HLA-B*07:02;HLA-B*13:02;HLA-C*06:02;HLA-C*07:02
UPN07,10,1,10,1,LTQ Orbitrap XL,1,6,COMPLETE,HLA-A*02:01;HLA-A*03:01;HLA-B*07:02;HLA-B*55:01;HLA-C*01:02;HLA-C*07:02
UPN08,5,1,5,1,LTQ Orbitrap XL,1,6,COMPLETE,HLA-A*01:01;HLA-A*02:01;HLA-B*27:05;HLA-B*37:01;HLA-C*02:02;HLA-C*06:02
UPN09,5,1,5,1,LTQ Orbitrap XL,1,6,COMPLETE,HLA-A*01:01;HLA-A*02:01;HLA-B*27:02;HLA-B*37:01;HLA-C*02:02;HLA-C*06:02
UPN10,5,1,5,1,LTQ Orbitrap XL,1,4,PARTIAL,HLA-A*23:01;HLA-B*49:01;HLA-C*03:04;HLA-C*07:02
UPN11,4,1,4,1,LTQ Orbitrap XL,1,6,COMPLETE,HLA-A*01:01;HLA-A*68:01;HLA-B*08:01;HLA-B*44:02;HLA-C*07:01;HLA-C*07:04
UPN12,5,1,5,1,LTQ Orbitrap XL,1,4,PARTIAL,HLA-A*02:01;HLA-A*03:01;HLA-B*40:01;HLA-C*03:04
UPN13,5,1,5,1,LTQ Orbitrap XL,1,6,COMPLETE,HLA-A*01:01;HLA-A*03:01;HLA-B*08:01;HLA-B*51:01;HLA-C*01:02;HLA-C*07:01
UPN14,5,1,5,1,LTQ Orbitrap XL,1,6,COMPLETE,HLA-A*02:01;HLA-A*03:01;HLA-B*07:02;HLA-B*44:02;HLA-C*05:01;HLA-C*07:02
UPN15,5,1,5,1,LTQ Orbitrap XL,1,6,COMPLETE,HLA-A*02:05;HLA-A*24:02;HLA-B*35:01;HLA-B*50:01;HLA-C*04:01;HLA-C*06:02
UPN16,5,1,5,1,LTQ Orbitrap XL,1,5,PARTIAL,HLA-A*11:01;HLA-B*15:01;HLA-B*52:01;HLA-C*04:01;HLA-C*12:02
UPN17,4,1,4,1,LTQ Orbitrap XL,1,6,COMPLETE,HLA-A*01:01;HLA-A*02:01;HLA-B*08:01;HLA-B*13:02;HLA-C*06:02;HLA-C*07:02
UPN18,5,1,5,1,LTQ Orbitrap XL,1,6,COMPLETE,HLA-A*32:01;HLA-A*68:01;HLA-B*07:02;HLA-B*27:05;HLA-C*07:01;HLA-C*07:02
UPN19,8,1,8,1,LTQ Orbitrap XL,1,6,COMPLETE,HLA-A*01:01;HLA-A*26:01;HLA-B*07:02;HLA-B*37:01;HLA-C*02:02;HLA-C*07:02
UPN20,9,1,9,1,LTQ Orbitrap XL,1,6,COMPLETE,HLA-A*01:01;HLA-A*32:01;HLA-B*07:02;HLA-B*44:02;HLA-C*07:01;HLA-C*07:02
UPN21,5,1,5,1,LTQ Orbitrap XL,1,5,PARTIAL,HLA-A*02:01;HLA-A*24:02;HLA-B*51:01;HLA-B*57:01;HLA-C*14:02
UPN22,3,1,3,1,LTQ Orbitrap XL,1,6,COMPLETE,HLA-A*02:01;HLA-A*03:01;HLA-B*40:01;HLA-B*44:02;HLA-C*02:02;HLA-C*03:04
UPN23,5,1,5,1,LTQ Orbitrap XL,1,4,PARTIAL,HLA-A*02:01;HLA-A*03:01;HLA-B*35:01;HLA-C*04:01
UPN24,5,1,5,1,LTQ Orbitrap XL,1,6,COMPLETE,HLA-A*01:01;HLA-A*02:01;HLA-B*08:01;HLA-B*51:01;HLA-C*02:02;HLA-C*07:02
UPN25,3,1,3,1,LTQ Orbitrap XL,1,6,COMPLETE,HLA-A*02:01;HLA-A*24:02;HLA-B*51:01;HLA-B*57:01;HLA-C*01:02;HLA-C*06:02
UPN26,15,1,15,1,Orbitrap Fusion Lumos,1,6,COMPLETE,HLA-A*01:01;HLA-A*03:01;HLA-B*07:02;HLA-B*44:02;HLA-C*05:01;HLA-C*07:02
UPN27,3,1,3,1,Orbitrap Fusion Lumos,1,6,COMPLETE,HLA-A*01:01;HLA-A*02:01;HLA-B*08:01;HLA-B*27:02;HLA-C*02:02;HLA-C*07:01
UPN28,3,1,3,1,Orbitrap Fusion Lumos,1,5,PARTIAL,HLA-A*02:01;HLA-B*15:01;HLA-B*56:01;HLA-C*01:02;HLA-C*03:04
UPN29,3,1,3,1,Orbitrap Fusion Lumos,1,6,COMPLETE,HLA-A*24:02;HLA-A*26:01;HLA-B*27:05;HLA-B*39:01;HLA-C*01:02;HLA-C*07:02
UPN30,3,1,3,1,Orbitrap Fusion Lumos,1,5,PARTIAL,HLA-A*02:01;HLA-B*07:02;HLA-B*18:01;HLA-C*03:04;HLA-C*06:02
UPN31,3,1,3,1,Orbitrap Fusion Lumos,1,6,COMPLETE,HLA-A*02:01;HLA-A*11:01;HLA-B*35:01;HLA-B*40:01;HLA-C*03:04;HLA-C*04:01
UPN32,3,1,3,1,Orbitrap Fusion Lumos,1,5,PARTIAL,HLA-A*01:01;HLA-A*24:02;HLA-B*07:02;HLA-B*08:01;HLA-C*07:02
UPN33,3,1,3,1,Orbitrap Fusion Lumos,1,6,COMPLETE,HLA-A*02:01;HLA-A*68:01;HLA-B*38:01;HLA-B*51:01;HLA-C*12:03;HLA-C*14:02
UPN34,3,1,3,1,Orbitrap Fusion Lumos,1,5,PARTIAL,HLA-A*02:01;HLA-A*29:02;HLA-B*44:02;HLA-C*05:01;HLA-C*16:01
UPN35,3,1,3,1,Orbitrap Fusion Lumos,1,6,COMPLETE,HLA-A*01:01;HLA-A*26:01;HLA-B*07:02;HLA-B*40:01;HLA-C*02:02;HLA-C*07:02
UPN36,3,1,3,1,Orbitrap Fusion Lumos,1,6,COMPLETE,HLA-A*02:01;HLA-A*11:01;HLA-B*35:01;HLA-B*40:01;HLA-C*03:04;HLA-C*04:01
UPN37,3,1,3,1,Orbitrap Fusion Lumos,1,6,COMPLETE,HLA-A*02:01;HLA-A*24:02;HLA-B*15:01;HLA-B*44:02;HLA-C*03:04;HLA-C*16:01
UPN38,3,1,3,1,Orbitrap Fusion Lumos,1,6,COMPLETE,HLA-A*24:02;HLA-A*25:01;HLA-B*18:01;HLA-B*49:01;HLA-C*07:02;HLA-C*12:03
UPN39,3,1,3,1,Orbitrap Fusion Lumos,1,4,PARTIAL,HLA-A*03:01;HLA-A*24:02;HLA-B*35:01;HLA-C*04:01
UPN40,3,1,3,1,Orbitrap Fusion Lumos,1,6,COMPLETE,HLA-A*02:01;HLA-A*24:02;HLA-B*07:02;HLA-B*44:02;HLA-C*05:01;HLA-C*07:02
UPN41,3,1,3,1,Orbitrap Fusion Lumos,1,6,COMPLETE,HLA-A*02:01;HLA-A*11:01;HLA-B*07:02;HLA-B*15:01;HLA-C*03:04;HLA-C*07:02
UPN42,3,1,3,1,Orbitrap Fusion Lumos,1,6,COMPLETE,HLA-A*02:01;HLA-A*24:02;HLA-B*07:02;HLA-B*13:02;HLA-C*06:02;HLA-C*07:02
UPN43,3,1,3,1,Orbitrap Fusion Lumos,1,6,COMPLETE,HLA-A*01:01;HLA-A*68:01;HLA-B*44:02;HLA-B*55:01;HLA-C*03:04;HLA-C*05:01
UPN44,3,1,3,1,Orbitrap Fusion Lumos,1,6,COMPLETE,HLA-A*01:01;HLA-A*24:02;HLA-B*08:01;HLA-B*35:01;HLA-C*04:01;HLA-C*07:02
UPN45,3,1,3,1,Orbitrap Fusion Lumos,1,5,PARTIAL,HLA-A*03:01;HLA-A*24:02;HLA-B*51:01;HLA-C*14:02;HLA-C*16:01
UPN46,3,1,3,1,Orbitrap Fusion Lumos,1,6,COMPLETE,HLA-A*02:01;HLA-A*24:02;HLA-B*13:02;HLA-B*44:02;HLA-C*05:01;HLA-C*06:02
UPN47,3,1,3,1,Orbitrap Fusion Lumos,1,6,COMPLETE,HLA-A*02:01;HLA-A*26:01;HLA-B*07:02;HLA-B*40:01;HLA-C*03:04;HLA-C*07:02
UPN48,3,1,3,1,Orbitrap Fusion Lumos,1,6,COMPLETE,HLA-A*02:01;HLA-A*11:01;HLA-B*40:01;HLA-B*44:02;HLA-C*03:04;HLA-C*05:01
UPN49,3,1,3,1,Orbitrap Fusion Lumos,1,5,PARTIAL,HLA-A*02:01;HLA-B*08:01;HLA-B*40:01;HLA-C*03:04;HLA-C*07:02
UPN50,3,1,3,1,Orbitrap Fusion Lumos,1,6,COMPLETE,HLA-A*11:01;HLA-A*68:01;HLA-B*08:01;HLA-B*35:01;HLA-C*04:01;HLA-C*07:02
UPN51,3,1,3,1,Orbitrap Fusion Lumos,1,6,COMPLETE,HLA-A*01:01;HLA-A*24:02;HLA-B*15:01;HLA-B*40:01;HLA-C*02:02;HLA-C*07:02
UPN52,5,1,5,1,Orbitrap Fusion Lumos,1,6,COMPLETE,HLA-A*01:01;HLA-A*24:02;HLA-B*07:02;HLA-B*08:01;HLA-C*07:01;HLA-C*07:02
