unit_id,n_alleles,genotype_status,hla_genotype
UPN01,6,COMPLETE,HLA-A*02:01;HLA-A*11:01;HLA-B*39:01;HLA-B*40:01;HLA-C*03:04;HLA-C*12:03
UPN02,5,PARTIAL,HLA-A*02:01;HLA-B*35:01;HLA-B*39:01;HLA-C*04:01;HLA-C*12:03
UPN03,5,PARTIAL,HLA-A*25:01;HLA-A*26:01;HLA-B*18:01;HLA-B*38:01;HLA-C*12:03
UPN04,6,COMPLETE,HLA-A*01:01;HLA-A*24:02;HLA-B*08:01;HLA-B*27:05;HLA-C*02:02;HLA-C*07:02
UPN05,6,COMPLETE,HLA-A*02:01;HLA-A*03:01;HLA-B*18:01;HLA-B*35:01;HLA-C*04:01;HLA-C*05:01
UPN06,6,COMPLETE,HLA-A*03:01;HLA-A*30:01;HLA-B*07:02;HLA-B*13:02;HLA-C*06:02;HLA-C*07:02
UPN07,6,COMPLETE,HLA-A*02:01;HLA-A*03:01;HLA-B*07:02;HLA-B*55:01;HLA-C*01:02;HLA-C*07:02
UPN08,6,COMPLETE,HLA-A*01:01;HLA-A*02:01;HLA-B*27:05;HLA-B*37:01;HLA-C*02:02;HLA-C*06:02
UPN09,6,COMPLETE,HLA-A*01:01;HLA-A*02:01;HLA-B*27:02;HLA-B*37:01;HLA-C*02:02;HLA-C*06:02
UPN10,4,PARTIAL,HLA-A*23:01;HLA-B*49:01;HLA-C*03:04;HLA-C*07:02
UPN11,6,COMPLETE,HLA-A*01:01;HLA-A*68:01;HLA-B*08:01;HLA-B*44:02;HLA-C*07:01;HLA-C*07:04
UPN12,4,PARTIAL,HLA-A*02:01;HLA-A*03:01;HLA-B*40:01;HLA-C*03:04
UPN13,6,COMPLETE,HLA-A*01:01;HLA-A*03:01;HLA-B*08:01;HLA-B*51:01;HLA-C*01:02;HLA-C*07:01
UPN14,6,COMPLETE,HLA-A*02:01;HLA-A*03:01;HLA-B*07:02;HLA-B*44:02;HLA-C*05:01;HLA-C*07:02
UPN15,6,COMPLETE,HLA-A*02:05;HLA-A*24:02;HLA-B*35:01;HLA-B*50:01;HLA-C*04:01;HLA-C*06:02
UPN16,5,PARTIAL,HLA-A*11:01;HLA-B*15:01;HLA-B*52:01;HLA-C*04:01;HLA-C*12:02
UPN17,6,COMPLETE,HLA-A*01:01;HLA-A*02:01;HLA-B*08:01;HLA-B*13:02;HLA-C*06:02;HLA-C*07:02
UPN18,6,COMPLETE,HLA-A*32:01;HLA-A*68:01;HLA-B*07:02;HLA-B*27:05;HLA-C*07:01;HLA-C*07:02
UPN19,6,COMPLETE,HLA-A*01:01;HLA-A*26:01;HLA-B*07:02;HLA-B*37:01;HLA-C*02:02;HLA-C*07:02
UPN20,6,COMPLETE,HLA-A*01:01;HLA-A*32:01;HLA-B*07:02;HLA-B*44:02;HLA-C*07:01;HLA-C*07:02
UPN21,5,PARTIAL,HLA-A*02:01;HLA-A*24:02;HLA-B*51:01;HLA-B*57:01;HLA-C*14:02
UPN22,6,COMPLETE,HLA-A*02:01;HLA-A*03:01;HLA-B*40:01;HLA-B*44:02;HLA-C*02:02;HLA-C*03:04
UPN23,4,PARTIAL,HLA-A*02:01;HLA-A*03:01;HLA-B*35:01;HLA-C*04:01
UPN24,6,COMPLETE,HLA-A*01:01;HLA-A*02:01;HLA-B*08:01;HLA-B*51:01;HLA-C*02:02;HLA-C*07:02
UPN25,6,COMPLETE,HLA-A*02:01;HLA-A*24:02;HLA-B*51:01;HLA-B*57:01;HLA-C*01:02;HLA-C*06:02
UPN26,6,COMPLETE,HLA-A*01:01;HLA-A*03:01;HLA-B*07:02;HLA-B*44:02;HLA-C*05:01;HLA-C*07:02
UPN27,6,COMPLETE,HLA-A*01:01;HLA-A*02:01;HLA-B*08:01;HLA-B*27:02;HLA-C*02:02;HLA-C*07:01
UPN28,5,PARTIAL,HLA-A*02:01;HLA-B*15:01;HLA-B*56:01;HLA-C*01:02;HLA-C*03:04
UPN29,6,COMPLETE,HLA-A*24:02;HLA-A*26:01;HLA-B*27:05;HLA-B*39:01;HLA-C*01:02;HLA-C*07:02
UPN30,5,PARTIAL,HLA-A*02:01;HLA-B*07:02;HLA-B*18:01;HLA-C*03:04;HLA-C*06:02
UPN31,6,COMPLETE,HLA-A*02:01;HLA-A*11:01;HLA-B*35:01;HLA-B*40:01;HLA-C*03:04;HLA-C*04:01
UPN32,5,PARTIAL,HLA-A*01:01;HLA-A*24:02;HLA-B*07:02;HLA-B*08:01;HLA-C*07:02
UPN33,6,COMPLETE,HLA-A*02:01;HLA-A*68:01;HLA-B*38:01;HLA-B*51:01;HLA-C*12:03;HLA-C*14:02
UPN34,5,PARTIAL,HLA-A*02:01;HLA-A*29:02;HLA-B*44:02;HLA-C*05:01;HLA-C*16:01
UPN35,6,COMPLETE,HLA-A*01:01;HLA-A*26:01;HLA-B*07:02;HLA-B*40:01;HLA-C*02:02;HLA-C*07:02
UPN36,6,COMPLETE,HLA-A*02:01;HLA-A*11:01;HLA-B*35:01;HLA-B*40:01;HLA-C*03:04;HLA-C*04:01
UPN37,6,COMPLETE,HLA-A*02:01;HLA-A*24:02;HLA-B*15:01;HLA-B*44:02;HLA-C*03:04;HLA-C*16:01
UPN38,6,COMPLETE,HLA-A*24:02;HLA-A*25:01;HLA-B*18:01;HLA-B*49:01;HLA-C*07:02;HLA-C*12:03
UPN39,4,PARTIAL,HLA-A*03:01;HLA-A*24:02;HLA-B*35:01;HLA-C*04:01
UPN40,6,COMPLETE,HLA-A*02:01;HLA-A*24:02;HLA-B*07:02;HLA-B*44:02;HLA-C*05:01;HLA-C*07:02
UPN41,6,COMPLETE,HLA-A*02:01;HLA-A*11:01;HLA-B*07:02;HLA-B*15:01;HLA-C*03:04;HLA-C*07:02
UPN42,6,COMPLETE,HLA-A*02:01;HLA-A*24:02;HLA-B*07:02;HLA-B*13:02;HLA-C*06:02;HLA-C*07:02
UPN43,6,COMPLETE,HLA-A*01:01;HLA-A*68:01;HLA-B*44:02;HLA-B*55:01;HLA-C*03:04;HLA-C*05:01
UPN44,6,COMPLETE,HLA-A*01:01;HLA-A*24:02;HLA-B*08:01;HLA-B*35:01;HLA-C*04:01;HLA-C*07:02
UPN45,5,PARTIAL,HLA-A*03:01;HLA-A*24:02;HLA-B*51:01;HLA-C*14:02;HLA-C*16:01
UPN46,6,COMPLETE,HLA-A*02:01;HLA-A*24:02;HLA-B*13:02;HLA-B*44:02;HLA-C*05:01;HLA-C*06:02
UPN47,6,COMPLETE,HLA-A*02:01;HLA-A*26:01;HLA-B*07:02;HLA-B*40:01;HLA-C*03:04;HLA-C*07:02
UPN48,6,COMPLETE,HLA-A*02:01;HLA-A*11:01;HLA-B*40:01;HLA-B*44:02;HLA-C*03:04;HLA-C*05:01
UPN49,5,PARTIAL,HLA-A*02:01;HLA-B*08:01;HLA-B*40:01;HLA-C*03:04;HLA-C*07:02
UPN50,6,COMPLETE,HLA-A*11:01;HLA-A*68:01;HLA-B*08:01;HLA-B*35:01;HLA-C*04:01;HLA-C*07:02
UPN51,6,COMPLETE,HLA-A*01:01;HLA-A*24:02;HLA-B*15:01;HLA-B*40:01;HLA-C*02:02;HLA-C*07:02
UPN52,6,COMPLETE,HLA-A*01:01;HLA-A*24:02;HLA-B*07:02;HLA-B*08:01;HLA-C*07:01;HLA-C*07:02
