B,K,ap_lift_over_prevalence,auroc_mean,coverage_nominal_95,d_bar,delta_d,estimand_ap,grid,halfwidth_as_frac_of_lift,mean_ap_difference,mean_ci_halfwidth,mean_point_estimate,n_sim,neg_per_pos,pos_per_run,power_paired,power_vs_prevalence,prevalence,tau
2000,5,0.2945394425837282,0.8,0.792,1.19023216289999,,0.7945394425837282,main,0.08659574642626179,,0.02550586288251302,0.7982417883683772,250,1,40,,1.0,0.5,0.1
2000,8,0.2945394425837282,0.8,0.912,1.19023216289999,,0.7945394425837282,main,0.07491233700296218,,0.02206463798349688,0.7945638573198273,250,1,40,,1.0,0.5,0.1
2000,10,0.2945394425837282,0.8,0.916,1.19023216289999,,0.7945394425837282,main,0.06991886346832198,,0.020593863072047355,0.7963495241201488,250,1,40,,1.0,0.5,0.1
2000,13,0.2945394425837282,0.8,0.9,1.19023216289999,,0.7945394425837282,main,0.059167175169447125,,0.017427066793662762,0.7968969461011794,250,1,40,,1.0,0.5,0.1
2000,16,0.2945394425837282,0.8,0.9,1.19023216289999,,0.7945394425837282,main,0.05501920042758074,,0.016205324625342053,0.7975241069137714,250,1,40,,1.0,0.5,0.1
2000,26,0.2945394425837282,0.8,0.92,1.19023216289999,,0.7945394425837282,main,0.044712983247542804,,0.013169737161986834,0.7969227642556367,250,1,40,,1.0,0.5,0.1
2000,5,0.2912853077995212,0.8,0.792,1.19023216289999,,0.7912853077995212,main,0.14181551393517858,,0.041308775627355784,0.7938196217026371,250,1,40,,1.0,0.5,0.25
2000,8,0.2912853077995212,0.8,0.896,1.19023216289999,,0.7912853077995212,main,0.1293944195580818,,0.03769069332851625,0.7933128238653395,250,1,40,,1.0,0.5,0.25
2000,10,0.2912853077995212,0.8,0.884,1.19023216289999,,0.7912853077995212,main,0.11111807133407076,,0.032367061610633956,0.7921008202756435,250,1,40,,1.0,0.5,0.25
2000,13,0.2912853077995212,0.8,0.876,1.19023216289999,,0.7912853077995212,main,0.10217805286230136,,0.029762965578351203,0.7943005581720147,250,1,40,,1.0,0.5,0.25
2000,16,0.2912853077995212,0.8,0.944,1.19023216289999,,0.7912853077995212,main,0.09468025691854798,,0.027578967779056995,0.7937876971835814,250,1,40,,1.0,0.5,0.25
2000,26,0.2912853077995212,0.8,0.952,1.19023216289999,,0.7912853077995212,main,0.07612885440432589,,0.022175216787589002,0.7933060026537925,250,1,40,,1.0,0.5,0.25
2000,5,0.28122842285389427,0.8,0.832,1.19023216289999,,0.7812284228538943,main,0.2656500383218996,,0.07470834130834439,0.7783825065312195,250,1,40,,1.0,0.5,0.5
2000,8,0.28122842285389427,0.8,0.876,1.19023216289999,,0.7812284228538943,main,0.2271651904832303,,0.06388530824690333,0.7825071784752834,250,1,40,,1.0,0.5,0.5
2000,10,0.28122842285389427,0.8,0.896,1.19023216289999,,0.7812284228538943,main,0.21035978026559327,,0.059159149235984546,0.7855489729003259,250,1,40,,1.0,0.5,0.5
2000,13,0.28122842285389427,0.8,0.864,1.19023216289999,,0.7812284228538943,main,0.1852791775916352,,0.052105770901762154,0.7836748320115721,250,1,40,,1.0,0.5,0.5
2000,16,0.28122842285389427,0.8,0.928,1.19023216289999,,0.7812284228538943,main,0.17092182715307191,,0.04806807588156434,0.7835583413648783,250,1,40,,1.0,0.5,0.5
2000,26,0.28122842285389427,0.8,0.88,1.19023216289999,,0.7812284228538943,main,0.1370812440114997,,0.0385511420562039,0.784094173373898,250,1,40,,1.0,0.5,0.5
2000,5,0.24858982574461516,0.8,0.784,1.19023216289999,,0.3394989166537061,main,0.14322855902121348,,0.03560516252873579,0.345288087299796,250,10,40,,1.0,0.09090909090909091,0.1
2000,8,0.24858982574461516,0.8,0.9,1.19023216289999,,0.3394989166537061,main,0.12672560538646904,,0.0315026961604032,0.34573291504496106,250,10,40,,1.0,0.09090909090909091,0.1
2000,10,0.24858982574461516,0.8,0.876,1.19023216289999,,0.3394989166537061,main,0.11348245336962763,,0.02821058330822715,0.3467697296349304,250,10,40,,1.0,0.09090909090909091,0.1
2000,13,0.24858982574461516,0.8,0.904,1.19023216289999,,0.3394989166537061,main,0.10381538679501645,,0.02580744891298296,0.3462025096358949,250,10,40,,1.0,0.09090909090909091,0.1
2000,16,0.24858982574461516,0.8,0.904,1.19023216289999,,0.3394989166537061,main,0.0952601923416676,,0.023680714614613674,0.3460256568612888,250,10,40,,1.0,0.09090909090909091,0.1
2000,26,0.24858982574461516,0.8,0.884,1.19023216289999,,0.3394989166537061,main,0.07497299222006983,,0.018637523071539545,0.3453359750553565,250,10,40,,1.0,0.09090909090909091,0.1
2000,5,0.25315193046806383,0.8,0.8,1.19023216289999,,0.3440610213771547,main,0.25365323372002185,,0.06421280578569051,0.35055907952986237,250,10,40,,1.0,0.09090909090909091,0.25
2000,8,0.25315193046806383,0.8,0.908,1.19023216289999,,0.3440610213771547,main,0.22666882213691805,,0.05738164990088301,0.3486016016393848,250,10,40,,1.0,0.09090909090909091,0.25
2000,10,0.25315193046806383,0.8,0.888,1.19023216289999,,0.3440610213771547,main,0.21003768861705158,,0.05317144634445668,0.35086311901126854,250,10,40,,1.0,0.09090909090909091,0.25
2000,13,0.25315193046806383,0.8,0.904,1.19023216289999,,0.3440610213771547,main,0.18723713109699724,,0.0473994411925068,0.3492244279731378,250,10,40,,1.0,0.09090909090909091,0.25
2000,16,0.25315193046806383,0.8,0.944,1.19023216289999,,0.3440610213771547,main,0.17084562938419257,,0.04324990089063972,0.34965282146388144,250,10,40,,1.0,0.09090909090909091,0.25
2000,26,0.25315193046806383,0.8,0.928,1.19023216289999,,0.3440610213771547,main,0.13612390889880832,,0.03446003032059218,0.3493459605152475,250,10,40,,1.0,0.09090909090909091,0.25
2000,5,0.26691050514359305,0.8,0.828,1.19023216289999,,0.357819596052684,main,0.4481753552048034,,0.11962271045062331,0.3656297765724376,250,10,40,,1.0,0.09090909090909091,0.5
2000,8,0.26691050514359305,0.8,0.84,1.19023216289999,,0.357819596052684,main,0.35961295258533305,,0.09598447483073022,0.35525744806213455,250,10,40,,1.0,0.09090909090909091,0.5
2000,10,0.26691050514359305,0.8,0.888,1.19023216289999,,0.357819596052684,main,0.3565717014903859,,0.09517273296470938,0.3686185948747568,250,10,40,,1.0,0.09090909090909091,0.5
2000,13,0.26691050514359305,0.8,0.936,1.19023216289999,,0.357819596052684,main,0.31051265481595464,,0.08287908955040459,0.36606400950278223,250,10,40,,1.0,0.09090909090909091,0.5
2000,16,0.26691050514359305,0.8,0.944,1.19023216289999,,0.357819596052684,main,0.28368723575747934,,0.07571910339881838,0.363758867147342,250,10,40,,1.0,0.09090909090909091,0.5
2000,26,0.26691050514359305,0.8,0.916,1.19023216289999,,0.357819596052684,main,0.22866043882630302,,0.0610318732334842,0.36245376619795305,250,10,40,,1.0,0.09090909090909091,0.5
2000,5,0.052785554372651027,0.8,0.804,1.19023216289999,,0.06268654447166093,main,0.2727951549776769,,0.014399643485669928,0.06889815085123228,250,100,40,,1.0,0.009900990099009901,0.1
2000,8,0.052785554372651027,0.8,0.868,1.19023216289999,,0.06268654447166093,main,0.2271897528890416,,0.011992337054033657,0.06727791522875327,250,100,40,,1.0,0.009900990099009901,0.1
2000,10,0.052785554372651027,0.8,0.804,1.19023216289999,,0.06268654447166093,main,0.21689811256317323,,0.011449087114028764,0.0685731953557304,250,100,40,,1.0,0.009900990099009901,0.1
2000,13,0.052785554372651027,0.8,0.748,1.19023216289999,,0.06268654447166093,main,0.19323538891465905,,0.010200037128275103,0.06875181405635118,250,100,40,,1.0,0.009900990099009901,0.1
2000,16,0.052785554372651027,0.8,0.732,1.19023216289999,,0.06268654447166093,main,0.17942163254937055,,0.009470870340564612,0.06895620650019761,250,100,40,,1.0,0.009900990099009901,0.1
2000,26,0.052785554372651027,0.8,0.656,1.19023216289999,,0.06268654447166093,main,0.14534094730844477,,0.007671902476722519,0.06873891714708709,250,100,40,,1.0,0.009900990099009901,0.1
2000,5,0.059546888251645246,0.8,0.836,1.19023216289999,,0.06944787835065515,main,0.4745151654364302,,0.028255901529954063,0.07656269339710352,250,100,40,,1.0,0.009900990099009901,0.25
2000,8,0.059546888251645246,0.8,0.904,1.19023216289999,,0.06944787835065515,main,0.4100099416480748,,0.024414816177381497,0.07458133129265863,250,100,40,,1.0,0.009900990099009901,0.25
2000,10,0.059546888251645246,0.8,0.924,1.19023216289999,,0.06944787835065515,main,0.3800049765873312,,0.022628113875914877,0.07522610920970704,250,100,40,,1.0,0.009900990099009901,0.25
2000,13,0.059546888251645246,0.8,0.884,1.19023216289999,,0.06944787835065515,main,0.3305941617501839,,0.019685853606384536,0.07414579601995464,250,100,40,,1.0,0.009900990099009901,0.25
2000,16,0.059546888251645246,0.8,0.908,1.19023216289999,,0.06944787835065515,main,0.30843120338423935,,0.018366118401241766,0.07582159420488871,250,100,40,,1.0,0.009900990099009901,0.25
2000,26,0.059546888251645246,0.8,0.876,1.19023216289999,,0.06944787835065515,main,0.24971225601015654,,0.014869587803703021,0.07553479052083069,250,100,40,,1.0,0.009900990099009901,0.25
2000,5,0.08160502138183176,0.8,0.748,1.19023216289999,,0.09150601148084166,main,0.6787835920476483,,0.055392149542684906,0.09164749438611344,250,100,40,,1.0,0.009900990099009901,0.5
2000,8,0.08160502138183176,0.8,0.864,1.19023216289999,,0.09150601148084166,main,0.5983373109462381,,0.04882732905331548,0.09317169689748381,250,100,40,,1.0,0.009900990099009901,0.5
2000,10,0.08160502138183176,0.8,0.868,1.19023216289999,,0.09150601148084166,main,0.5818068902662007,,0.04747836372027035,0.09435876565182232,250,100,40,,1.0,0.009900990099009901,0.5
2000,13,0.08160502138183176,0.8,0.908,1.19023216289999,,0.09150601148084166,main,0.5373508079009484,,0.043850524168301465,0.09581463172790601,250,100,40,,1.0,0.009900990099009901,0.5
2000,16,0.08160502138183176,0.8,0.868,1.19023216289999,,0.09150601148084166,main,0.4872626918900896,,0.03976308239025966,0.09703771088364903,250,100,40,,1.0,0.009900990099009901,0.5
2000,26,0.08160502138183176,0.8,0.944,1.19023216289999,,0.09150601148084166,main,0.39205836311728587,,0.031993931105112075,0.09519226028039378,250,100,40,,1.0,0.009900990099009901,0.5
2000,10,0.04415658778602144,0.6,0.912,0.3582869092425833,,0.13506567869511235,effect_sweep_K10,0.5444748765501605,,0.024042152683670347,0.14154922428930466,250,10,40,,1.0,0.09090909090909091,0.25
2000,10,0.07560939512485929,0.65,0.912,0.5449254294535089,,0.1665184860339502,effect_sweep_K10,0.4001943972589774,,0.030258456309108926,0.17263382667678162,250,10,40,,1.0,0.09090909090909091,0.25
2000,10,0.11843079562045966,0.7,0.904,0.7416143171871158,,0.20933988652955057,effect_sweep_K10,0.3129531494185558,,0.03706329047756816,0.2173629220905704,250,10,40,,1.0,0.09090909090909091,0.25
2000,10,0.17621464761062408,0.75,0.888,0.9538725524089398,,0.267123738519715,effect_sweep_K10,0.26438873547697606,,0.046589167854293845,0.2753723352362385,250,10,40,,1.0,0.09090909090909091,0.25
2000,10,0.25315193046806383,0.8,0.904,1.19023216289999,,0.3440610213771547,effect_sweep_K10,0.21510620306334508,,0.05445455056114115,0.3501518258655449,250,10,40,,1.0,0.09090909090909091,0.25
2000,10,0.3540786435990505,0.8500000000000001,0.912,1.4657381559184341,,0.4449877345081414,effect_sweep_K10,0.16228878333932242,,0.05746299227612747,0.4489084665780068,250,10,40,,1.0,0.09090909090909091,0.25
2000,10,0.4850321864437771,0.8999999999999999,0.892,1.8123876048736465,,0.575941277352868,effect_sweep_K10,0.11839688052849622,,0.05742629783085918,0.5797756108426918,250,10,40,,1.0,0.09090909090909091,0.25
200,10,0.25315193046806383,0.8,0.8916666666666667,1.19023216289999,,0.3440610213771547,B_demo,0.20504443360922342,,0.05190739419990566,0.34751268000807145,120,10,40,,1.0,0.09090909090909091,0.25
1000,10,0.25315193046806383,0.8,0.9166666666666666,1.19023216289999,,0.3440610213771547,B_demo,0.20816566569312783,,0.052697540127384916,0.3530578482521829,120,10,40,,1.0,0.09090909090909091,0.25
2000,10,0.25315193046806383,0.8,0.8666666666666667,1.19023216289999,,0.3440610213771547,B_demo,0.2079787246359622,,0.0526502156378797,0.35182981174232997,120,10,40,,1.0,0.09090909090909091,0.25
10000,10,0.25315193046806383,0.8,0.9166666666666666,1.19023216289999,,0.3440610213771547,B_demo,0.21161798934628032,,0.05357150252478103,0.3458003901609622,120,10,40,,1.0,0.09090909090909091,0.25
50000,10,0.25315193046806383,0.8,0.9083333333333333,1.19023216289999,,0.3440610213771547,B_demo,0.20648188456393812,,0.05227128768404485,0.34671743353439594,120,10,40,,1.0,0.09090909090909091,0.25
200,26,0.25315193046806383,0.8,0.925,1.19023216289999,,0.3440610213771547,B_demo,0.13401028412243712,,0.03392496212816868,0.35105453681702853,120,10,40,,1.0,0.09090909090909091,0.25
1000,26,0.25315193046806383,0.8,0.925,1.19023216289999,,0.3440610213771547,B_demo,0.13605330563055923,,0.034442156966937566,0.35158661179346223,120,10,40,,1.0,0.09090909090909091,0.25
2000,26,0.25315193046806383,0.8,0.9083333333333333,1.19023216289999,,0.3440610213771547,B_demo,0.13574203447380878,,0.03436335807270716,0.3505217308969019,120,10,40,,1.0,0.09090909090909091,0.25
10000,26,0.25315193046806383,0.8,0.9333333333333333,1.19023216289999,,0.3440610213771547,B_demo,0.1373560743043362,,0.034771955371657524,0.34810884162186223,120,10,40,,1.0,0.09090909090909091,0.25
50000,26,0.25315193046806383,0.8,0.9833333333333333,1.19023216289999,,0.3440610213771547,B_demo,0.13924591926710736,,0.03525037327226839,0.3484718557524219,120,10,40,,1.0,0.09090909090909091,0.25
2000,5,,,,,0.05,,paired_mde,,0.015062100770895875,,,150,10,,0.21333333333333335,,0.09090909090909091,0.25
2000,5,,,,,0.1,,paired_mde,,0.03527219297380243,,,150,10,,0.4866666666666667,,0.09090909090909091,0.25
2000,5,,,,,0.2,,paired_mde,,0.07035521526891325,,,150,10,,0.9,,0.09090909090909091,0.25
2000,5,,,,,0.35,,paired_mde,,0.12843246515157059,,,150,10,,0.9933333333333333,,0.09090909090909091,0.25
2000,5,,,,,0.55,,paired_mde,,0.20035863242940982,,,150,10,,1.0,,0.09090909090909091,0.25
2000,10,,,,,0.05,,paired_mde,,0.01824884169411981,,,150,10,,0.22666666666666666,,0.09090909090909091,0.25
2000,10,,,,,0.1,,paired_mde,,0.034357347127922676,,,150,10,,0.58,,0.09090909090909091,0.25
2000,10,,,,,0.2,,paired_mde,,0.07007290020935779,,,150,10,,0.9866666666666667,,0.09090909090909091,0.25
2000,10,,,,,0.35,,paired_mde,,0.12744064624768484,,,150,10,,1.0,,0.09090909090909091,0.25
2000,10,,,,,0.55,,paired_mde,,0.20054738376196857,,,150,10,,1.0,,0.09090909090909091,0.25
2000,16,,,,,0.05,,paired_mde,,0.018895979971016892,,,150,10,,0.4,,0.09090909090909091,0.25
2000,16,,,,,0.1,,paired_mde,,0.0359104666245046,,,150,10,,0.8466666666666667,,0.09090909090909091,0.25
2000,16,,,,,0.2,,paired_mde,,0.07273259711388161,,,150,10,,1.0,,0.09090909090909091,0.25
2000,16,,,,,0.35,,paired_mde,,0.1266945863156496,,,150,10,,1.0,,0.09090909090909091,0.25
2000,16,,,,,0.55,,paired_mde,,0.20330184793378733,,,150,10,,1.0,,0.09090909090909091,0.25
2000,26,,,,,0.05,,paired_mde,,0.018536728381687795,,,150,10,,0.5066666666666667,,0.09090909090909091,0.25
2000,26,,,,,0.1,,paired_mde,,0.036267780979744015,,,150,10,,0.9466666666666667,,0.09090909090909091,0.25
2000,26,,,,,0.2,,paired_mde,,0.07159119770555218,,,150,10,,1.0,,0.09090909090909091,0.25
2000,26,,,,,0.35,,paired_mde,,0.12656975652719699,,,150,10,,1.0,,0.09090909090909091,0.25
2000,26,,,,,0.55,,paired_mde,,0.20194142242531185,,,150,10,,1.0,,0.09090909090909091,0.25
